Subject,"Catalog Nbr",Section,A+,A,A-,B+,B,B-,C+,C,C-,D+,D,D-,F,P,CR,W,Instructor 1,Instructor 2,Instructor 3,Instructor 4,Instructor 5,Instructor 6
ACCT,2301,5U1,,6,1,2,1,2,3,1,,,,,,,,1,"Files, Rebecca L","Gu, Dongdi",,,,
ACCT,2302,5U1,6,4,3,,3,1,3,4,2,4,3,1,,,,4,"Zolton, Kathy","He, Jiapeng",,,,
ACCT,3331,5U1,2,1,4,2,,1,3,1,3,,1,,,,,4,"Zhou, Yibin","Gu, Dongdi",,,,
ACCT,3341,5U1,1,2,2,2,2,1,2,,1,1,2,,,,,0,"Johnson, Jennifer","Zhang, Yang",,,,
ACCT,3350,5U1,,2,2,,6,2,3,1,,,1,,,,,0,"Gamino, John P",,,,,
ACCT,4334,5U1,,1,1,3,5,1,,2,1,2,,,,,,0,"Hes, Christopher A","Gu, Dongdi",,,,
ACCT,4340,5U1,4,7,1,1,4,4,,1,1,,1,,,,,1,"Johnson, Jennifer",,,,,
ACCT,6194,SW1,,6,,,2,,,,,,,,,,,2,"Johnson, Jennifer",,,,,
ACCT,6202,0W1,,9,13,12,11,5,3,2,,,,,,,,1,"Janakiraman, Surya","Zhang, Yang",,,,
ACCT,6301,5U1,,3,4,7,5,3,,1,,,,,1,,,1,"Ballew, Gregory E","Holstead, Cameron",,,,
ACCT,6305,0W1,,15,11,12,2,,,,,,,,,,,1,"Janakiraman, Surya","Zhang, Yang",,,,
ACCT,6330,0W1,,1,,1,3,,,3,,,,,1,,,2,"Cready, William M","Holstead, Cameron",,,,
ACCT,6331,0W1,,1,,,8,,,1,,,,,,,,1,"Cready, William M","Holstead, Cameron",,,,
ACCT,6331,SW1,,4,8,4,1,,,,,,,,,,,0,"Janakiraman, Surya","Zhang, Yang",,,,
ACCT,6333,5U1,,7,,,6,,,1,,,,,,,,1,"Zolton, Kathy","He, Jiapeng",,,,
ACCT,6338,5D1,,16,3,,4,,,,,,,,,,,0,"Goodrich, Mary Beth W",,,,,
ACCT,6344,0W1,,25,16,14,4,2,,,,,,,,,,0,"Gurun, Umit","Gu, Dongdi","Holstead, Cameron",,,
ACCT,6344,SW1,,9,4,3,,,,,,,,,,,,0,"Solcher, Steven J","Zolton, Kathy",,,,
ACCT,6353,PPA,,12,12,3,4,,,,,,,,,,,0,"Solcher, Steven J",,,,,
ACCT,6365,5U1,,17,19,21,9,8,1,,,,,,,,,0,"Cheng, Samuel",,,,,
ACCT,6367,5U1,,38,5,1,4,1,,1,,,,,,,,0,"Gamino, John P","Frost, Sandra M",,,,
ACCT,6384,0W1,,56,5,2,,,,,,,,,1,,,1,"Kromer, Jeffrey","He, Jiapeng",,,,
ACCT,6392,5U1,,4,20,20,14,3,,,,,,,,,,0,"Hes, Christopher A","Gu, Dongdi",,,,
ACN,6338,0U1,,5,,,4,,,,,,,,,,,1,"Sultana, Rukhsana",,,,,
ACN,6344,0W1,,12,,,,,,,,,,,,,,0,"Orrick, Erika D",,,,,
ACN,6395,0W1,,10,1,1,,,,1,,,,,,,,0,"Hooge, Kimberley O",,,,,
ACN,6V81,0U1,,17,1,,1,,,,,,,,,,,0,"McWilliams, Steven P",,,,,
AMS,2300,0U1,,6,2,1,3,,,1,,,,,,,,0,"Werhnyak, Larissa",,,,,
AMS,3316,0W1,14,7,6,1,,,1,,,,,,1,,,0,"Winstead, Elizabeth L",,,,,
AMS,4385,0W1,8,9,4,1,1,4,1,,,,,,3,,,1,"Winstead, Elizabeth L",,,,,
ARTS,1301,0W1,13,6,1,3,2,,,2,2,,1,,,,,0,"Wilder, James E","Bennett, Rodger",,,,
ARTS,1316,0U1,8,5,2,,1,,,,,,,,,,,1,"Miranda, Jeffrey",,,,,
ARTS,3367,0U1,10,3,3,,,,,,,,,,,,,0,"Miranda, Jeffrey",,,,,
ARTS,3379,591,9,4,,,1,1,,,,,,,1,,,1,"Loving, Emily",,,,,
ATCM,2300,051,4,6,1,2,2,1,,,,,,,,,,0,"Ferreira de Souza, Leticia",,,,,
ATCM,2301,551,,7,2,1,,1,2,,1,,,,,,,0,"Nguyen, Tuoc K",,,,,
ATCM,2302,051,5,1,2,,3,1,,1,,,,,1,,,0,"Minnish, Roxanne W",,,,,
ATCM,2303,5U1,16,,,,,,,,,,,,,,,0,"Stewart, Michael C",,,,,
ATCM,2350,0U1,8,3,2,,,,,,,,,,,,,0,"Hoggatt, Zane C",,,,,
ATCM,3301,0U1,,1,3,1,,4,,1,1,,,,1,,,0,"Heaslip, Audra",,,,,
ATCM,3301,0W1,,3,5,3,,,,,,,,,3,,,1,"Ramakrishnan, Sharathchandra",,,,,
ATCM,3301,0W2,10,4,4,,,,,,,,,,,,,1,"Fraley, James M",,,,,
ATCM,3305,0U1,,1,2,2,7,3,,,1,,,2,1,,,0,"McComber, Sean",,,,,
ATCM,3306,0U1,,5,3,3,3,2,,1,1,1,1,1,4,,,2,"McCord, Peter A",,,,,
ATCM,3307,0U1,,1,2,4,2,5,1,,2,,,,2,,,0,"McCord, Peter A",,,,,
ATCM,3337,0U1,5,2,7,,1,,,,,,1,,2,,,0,"Wood, Harold G",,,,,
ATCM,3338,051,7,4,4,1,4,3,2,,,,1,,1,,,1,"Camacho, Christopher J",,,,,
ATCM,3350,0W1,7,8,6,2,1,1,,1,,,,1,3,,,0,"Hewitt, Sharon",,,,,
ATCM,3367,0U1,4,4,3,,3,,,,,,,1,4,,,0,"Lewis, Timothy M",,,,,
ATCM,3388,0U1,13,3,5,1,2,2,,,,1,,1,1,,,0,"Fraley, James M",,,,,
ATCM,4319,0U1,2,6,,,,,1,,1,,,,,,,1,"Fechter, Todd A","McComber, Sean",,,,
ATCM,4320,591,5,5,8,2,,1,,,1,,,,1,,,0,"Rheams, David C",,,,,
ATCM,4330,051,5,1,2,,,2,,,1,,,,,,,0,"Nielsen, Christina R",,,,,
ATCM,4350,0W1,8,4,2,1,1,1,,1,1,,,,3,,,0,"Hewitt, Sharon",,,,,
ATCM,4364,051,25,2,,,3,,,,,,,,,,,0,"Trosper, Elizabeth M",,,,,
ATCM,4384,551,12,4,5,3,2,,,1,1,,,,2,,,0,"Rheams, David C",,,,,
AUD,6216,0U1,,11,2,,,,,,,,,,,,,0,"Cokely, Carol G","Woodford, Allison S",,,,
AUD,6352,5U1,,24,,,,,,,,,,,,,,0,"Clark, Jackie L","Zang, Andie L",,,,
AUD,7325,0U1,,8,3,,1,,,1,,,,,,,,0,"Thibodeau, Linda K","Warner-Czyz, Andrea D","Jansen, Conner L","Vu, Katrina D",,
BA,1320,5U1,,6,3,1,3,,,1,,,,,,,,0,"Lewin, Peter","Kelly, Matthew L",,,,
BCOM,3300,0U1,,1,5,1,2,7,4,2,4,1,,2,2,,,0,"Fry, Jennifer L",,,,,
BCOM,3300,5U1,,,5,3,4,1,2,,3,,3,,3,,,0,"Fry, Jennifer L",,,,,
BCOM,4300,091,,,1,3,4,5,2,3,3,3,,1,1,,,1,"Stewart, Julie",,,,,
BCOM,4300,0U1,,,2,3,5,5,2,1,1,1,,1,,,,0,"Said, Stacey",,,,,
BCOM,4300,0U2,,2,7,1,1,2,2,,,,1,,1,,,0,"Walton, Michaella",,,,,
BCOM,4300,0U3,,3,4,2,4,1,,,,,1,,2,,,0,"Walton, Michaella",,,,,
BCOM,4300,0U4,,1,3,3,,6,1,2,2,,,,1,,,0,"Harrison, Megan K",,,,,
BCOM,4300,0U5,,2,4,3,6,1,1,,3,,,,,,,1,"Blockley, Caylin",,,,,
BCOM,4300,5E1,,2,1,2,1,1,1,1,1,,,,,,,0,"Moore, Sarah E",,,,,
BCOM,4300,5U1,,6,6,4,3,9,3,3,1,,,3,1,,,1,"Moore, Sarah E",,,,,
BIOL,2111,0U1,6,1,4,2,2,4,2,,,,,,,,,0,"Sarcar, Subha N","Kwende, Sharon A","Xu, Linyi",,,
BIOL,2112,0U1,3,3,2,1,7,1,1,3,2,1,1,1,6,,,4,"Wu, Zhuoru","Tiwari, Suman","Alemi, Parinazsadat","Chase, Rebecca L",,
BIOL,2112,0U2,10,1,2,3,4,2,1,,,1,1,2,7,,,3,"Wu, Zhuoru","Tiwari, Suman","Chase, Rebecca L","Alemi, Parinazsadat",,
BIOL,2281,3U1,1,2,4,1,3,3,1,1,1,,,,1,,,1,"Lin, Wen J","Xia, Jing","Easterwood, Shayne","Basu, Ujjaini","Do, Hung P","Mittal, Shubham"
BIOL,2281,3U3,,3,4,1,1,1,,2,,,1,,1,,,1,"Lin, Wen J","Xia, Jing","Easterwood, Shayne","Basu, Ujjaini","Do, Hung P","Mittal, Shubham"
BIOL,2281,3U4,1,4,4,3,3,1,1,1,,,,1,,,,0,"Lin, Wen J","Ratevosyan, Richard","Mittal, Shubham","Do, Hung P","Basu, Ujjaini","Easterwood, Shayne"
BIOL,2311,0U1,6,1,4,2,2,4,2,,,,,,,,,0,"Sarcar, Subha N","Xu, Linyi","Kwende, Sharon A",,,
BIOL,2312,0U1,13,4,4,4,11,3,2,3,2,2,2,3,13,,,7,"Wu, Zhuoru","Tiwari, Suman","Chase, Rebecca L","Alemi, Parinazsadat",,
BIOL,3101,0U1,12,5,8,5,2,5,,1,,,,,,,,2,"Srikanth, Uma","Afolami, Olufemi Ifeoluwa",,,,
BIOL,3101,0U2,5,13,6,1,3,2,2,2,1,2,2,,,,,1,"Srikanth, Uma","Salaudeen, Ibrahim O",,,,
BIOL,3101,0U3,3,6,1,2,2,5,1,3,2,1,1,,,,,0,"Srikanth, Uma","Salamat, Narges",,,,
BIOL,3101,0U4,5,2,1,1,1,4,1,1,,4,,,1,,,0,"Srikanth, Uma","Bach, Thao Nguyen",,,,
BIOL,3101,0U5,5,10,3,1,4,5,3,2,,2,,,,,,0,"Srikanth, Uma","Akter, Zakia",,,,
BIOL,3101,0U6,,5,1,,1,4,2,,1,,,,,,,1,"Srikanth, Uma","Zaheen Khan, Fabiha",,,,
BIOL,3102,0U1,,,2,2,,,3,,1,,4,2,,,,1,"Srikanth, Uma","Yamauchi, Stephanie A",,,,
BIOL,3102,0U3,1,2,2,2,1,5,4,,,,,4,,,,2,"Srikanth, Uma","Patel, Umar J",,,,
BIOL,3161,0U1,,4,6,7,2,6,4,2,3,2,,,1,,,1,"Candas, Mehmet","Lakoduk, Ashley",,,,
BIOL,3161,0U2,,1,2,5,1,,1,1,,,,,,,,0,"Candas, Mehmet","Lakoduk, Ashley",,,,
BIOL,3162,0U2,,1,3,6,1,3,3,3,2,1,1,,,,,0,"Candas, Mehmet","Lakoduk, Ashley",,,,
BIOL,3301,0U1,30,41,20,10,13,25,9,9,4,9,3,,1,,,4,"Srikanth, Uma","Afolami, Olufemi Ifeoluwa","Akter, Zakia","Salamat, Narges","Salaudeen, Ibrahim O","Bach, Thao Nguyen"
BIOL,3302,0U1,1,2,4,4,1,5,7,,1,,4,6,,,,3,"Srikanth, Uma","Patel, Umar J","Ballew, Luke","Yamauchi, Stephanie A",,
BIOL,3318,0U1,4,24,25,14,6,6,1,2,3,1,1,,1,,,0,"Henson, Uyen N",,,,,
BIOL,3361,0U1,,5,8,12,2,5,5,2,3,2,,,1,,,1,"Candas, Mehmet","Lakoduk, Ashley","Falah, Rafah M","Yaqub, Muneer O",,
BIOL,3362,0U1,,1,3,5,1,3,2,2,2,1,,,,,,0,"Candas, Mehmet","Lakoduk, Ashley","Petter, Andrew T","Soladogun, Adedamola S",,
BIOL,3380,3U1,1,3,1,3,3,4,1,2,1,,,,,,,1,"Rippel, Scott A","Pickett, Elizabeth A","Zhi, Jiahe","Zhabilov, Dannie",,
BIOL,3380,3U2,,,,,1,,4,1,2,,,2,,,,0,"Pickett, Elizabeth A","Rippel, Scott A","Zhi, Jiahe","Zhabilov, Dannie",,
BIOL,3380,3U3,1,,1,2,1,2,3,1,2,2,2,1,2,,,1,"Rippel, Scott A","Pickett, Elizabeth A","Mazambani, Simbarashe","Berisha, Eranda",,
BIOL,3380,3U4,,,3,1,1,1,4,2,3,1,1,1,1,,,2,"Pickett, Elizabeth A","Rippel, Scott A","Mazambani, Simbarashe","Berisha, Eranda",,
BIOL,3455,3U1,1,1,1,2,1,1,2,2,2,2,,3,4,,,1,"Ramirez, Ruben D","Veera, Kavya","Deese, Alexander R","Wickramasinghe, Piumi B",,
BIOL,3455,3U2,,2,1,2,3,4,1,3,3,1,4,4,2,,,2,"Ramirez, Ruben D","Veera, Kavya","Deese, Alexander R","Wickramasinghe, Piumi B",,
BIOL,3456,3U1,1,5,1,1,2,5,3,3,1,2,1,1,,,,2,"Yu, Wen H","Cornelius, Samuel A",,,,
BIOL,3520,3U1,3,6,8,2,3,2,,,,,,,,,,0,"Mehta, Iti","Dahl, Haley C","Shashikanth Raj Urs, Karthik Urs Bangalore",,,
BIOL,3520,3U2,2,5,5,3,4,2,,2,1,,,,,,,0,"Mehta, Iti","Shipman, Braden M","Kunder, Nikesh Prakash",,,
BIOL,3V00,0U1,5,3,5,1,,1,,,,,,,,,,0,"Sarcar, Subha N",,,,,
BIOL,4380,3U1,2,8,3,2,,2,2,,,,,,1,,,0,"Maynard, Caitlin S","Zhang, Bei","Shryock, Douglas G","Joshi, Ketki","Dhar, Roopal",
BIOL,5330,0W1,,11,4,,,,,,,,,,,,,0,"Hajeri, Vinita",,,,,
BIS,2190,0W1,9,1,1,,1,,,,1,,,,,,,0,"Edwards, Christopher W","Robinson, Katie L","Slattery, Ryan P",,,
BIS,3320,091,1,2,2,1,2,1,,,2,,,,,,,2,"Wright, David A",,,,,
BIS,3320,0U1,1,2,3,4,2,,,,,,,,1,,,0,"Wright, David A",,,,,
BLAW,2301,5U1,,4,5,4,6,5,1,5,4,,3,,,,,1,"Betanzos, Christina L",,,,,
BMEN,3150,1U1,5,2,1,3,1,,1,,1,,,,,,,0,"Ali, Tariq M","Chaudhary, Sugandha",,,,
BMEN,3350,0U1,3,1,,1,1,2,1,2,1,,,,1,,,0,"Ali, Tariq M",,,,,
BMEN,3402,0U1,1,2,,1,1,1,,2,1,,4,,1,,,0,"Ardestani Khoubrouy, Soudeh","Kian Pour, Bahareh",,,,
BMEN,4388,0U1,,2,8,3,4,1,,,,,,,,,,0,"Polk, Todd W","Molaei Imenabadi, Rouzbeh","Kang, Taek",,,
BMEN,6V87,0U1,,12,,,,,,,,,,,,,,0,"Porter, Benjamin A",,,,,
BPS,4305,5U1,5,8,8,9,6,5,3,2,1,,1,1,,,,1,"Lee, Minjung",,,,,
BPS,4395,0U1,,44,,1,,,,1,,,,,,,,0,"Parks, David",,,,,
BPS,6310,0W1,,12,9,12,10,,,,,,,,,,,0,"Xia, Jun","Garg, Suyash",,,,
BPS,6310,GW1,,7,10,5,1,1,1,,,,,,,,,0,"Choi, Emily",,,,,
BPS,7303,0U1,,15,,,,,,,,,,,,,,0,"Watson, John M",,,,,
BUAN,6312,0W1,,12,13,6,5,3,3,2,,,,,,,,0,"Blueshtein, Moran","Nguyen, Nam H",,,,
BUAN,6320,5U1,,17,10,8,4,9,,,,,,,,,,0,"Srikanth, K.","Srivastava, Bhupesh K",,,,
BUAN,6320,SW1,,9,,,2,,,,,,,,1,,,0,"Narayan, Ravishankar L",,,,,
BUAN,6337,0W1,,8,7,7,5,5,1,,,,,,,,,0,"Subramanian, Upender","Madan, Anmol","Roshangarzadeh, Reza",,,
BUAN,6337,0W2,,11,10,9,13,11,3,,,,,,,,,0,"Subramanian, Upender","Madan, Anmol","Roshangarzadeh, Reza",,,
BUAN,6340,5U1,,8,10,14,7,1,,,,,,,,,,0,"Pandian, Thiru","Zhu, Wangsheng",,,,
BUAN,6340,SW1,,6,6,2,2,2,,,,,,,,,,1,"Neouchi, Rabih",,,,,
BUAN,6341,5U1,,8,9,3,3,2,,,,,,,,,,0,"Sabir, Muhammad F","Joseph, Shailender",,,,
BUAN,6346,5D1,,11,3,5,1,,,,,,,,,,,0,"El-Youssef, Rami","Tang, Ping",,,,
BUAN,6346,5U1,,25,4,8,3,,,,,,,,,,,1,"El-Youssef, Rami","Tang, Ping",,,,
BUAN,6346,SU1,,3,3,4,,,,,,,,,,,,0,"Perez, Jerry",,,,,
BUAN,6346,SW1,,13,7,2,3,1,,,,,,,,,,2,"Paes, Antonio P",,,,,
BUAN,6356,5U1,,5,5,,3,2,,1,,,,,,,,0,"Shrivastava, Prakash C","Kengalapura Shivamurthy, Sourabha",,,,
BUAN,6359,5U1,,7,3,,4,2,1,5,,,,,,,,0,"Ramezani, Rasoul","Ghosh, Pramit",,,,
BUAN,6398,0W2,,52,4,1,2,,,,,,,,,,,0,"Alimirzaei, Athena","Qu, Zihao",,,,
BUAN,6398,5U1,,13,,4,3,1,1,,,,,,,,,0,"Sethi, Awanti",,,,,
BUAN,6398,SW1,,30,2,2,2,,1,2,,,,,2,,,1,"Alimirzaei, Athena","Qu, Zihao",,,,
CE,2310,0U1,2,,2,1,2,,,1,,,1,,,,,1,"Nikoubin, Tooraj","Datta, Rajesh K","Parchamdar, Baharealsadat",,,
CE,3161,051,1,6,1,2,,,,,,,,,,,,0,"Mezenner, Rabah",,,,,
CE,3301,0U1,2,2,,1,2,,1,2,2,,1,,1,,,1,"Tacca, Marco","Luo, Ziyang",,,,
CE,3303,0U1,1,,2,3,,2,3,3,,,,1,1,,,1,"Kehtarnavaz, Nasser","Uddin, Mohammed Belal",,,,
CE,4203,0H1,4,4,1,4,,1,1,1,,,,,,,,0,"Kehtarnavaz, Nasser","Ni, Aoxin","Gogineni, Susmitha",,,
CE,4388,0U1,,5,2,1,2,1,,,,,,,,,,0,"Tacca, Marco",,,,,
CGS,3361,0W1,5,3,,2,,,,,,,,,,,,1,"Hooge, Kimberley O",,,,,
CGS,4352,0W1,,8,1,3,1,,,1,,,,,,,,1,"Kumar, Pushpa S","Tran, Trung Hieu",,,,
CHEM,1111,1U1,5,5,,1,1,,,,,,,,1,,,1,"Qin, Yanping","Montalvillo, Fernando","Yan, Qing",,,
CHEM,1112,1U2,1,8,1,1,1,,,1,1,,,,2,,,1,"Huang, Yu","Umer, Arslan","Hasna Begam, Mohammed Nazar",,,
CHEM,1311,0U1,1,4,4,3,,3,,1,2,,,1,1,,,2,"Sra, Amandeep K","Gull, Humera",,,,
CHEM,1312,0U1,7,8,4,4,10,5,1,1,10,4,2,3,8,,,4,"Huang, Yu","Parsamian, Perouza","Gamage, Madujika A",,,
CHEM,2125,1U2,24,,,2,,,,,,,,,,,,1,"Wijenayake, Sumudu N","Ben David, Ayala","Giri, Sachin",,,
CHEM,2323,0U1,2,10,2,3,3,,7,2,4,1,,,6,,,3,"Tran, Daniel N",,,,,
CHEM,2325,0U1,8,2,5,5,4,2,4,5,4,1,4,,11,,,4,"Sibert, John W",,,,,
COMD,5340,0U1,,24,,1,1,,,,,,,,,,,0,"Aldridge, Michelle A","Vu, Katrina D",,,,
COMD,6320,0U1,,12,,,1,,,,,,,,,,,0,"Carter, Jessica A","Smith, Irma E",,,,
COMD,7303,0U1,,93,,,8,,,,,,,,,,,0,"Dean, Lucinda L","Kenedi, Helen",,,,
COMD,7323,0U1,,14,,,1,,,,,,,,,,,0,"Sweeney, Melissa",,,,,
COMD,7V68,0U1,,29,,,,,,,,,,,,,,0,"Sale, Felicity F",,,,,
COMD,7V86,0U1,,41,,,,,,,,,,,,,,0,"Rich, Judith B","Denicola-Prechtl, Kathleen M",,,,
COMD,7V86,0U2,,18,,,,,,,,,,,,,,0,"Gollis, Christina R",,,,,
COMD,7V89,0U1,,12,,,,,,,,,,,,,,0,"Walsh, Diane G",,,,,
COMM,1311,0S1,6,5,,,,,,,,,,1,,,,0,"Tanner, Lari J",,,,,
COMM,1311,0S2,4,6,2,,1,,,,,,,,,,,0,"Tanner, Lari J",,,,,
COMM,1311,0W1,8,9,2,,1,,,,,,,,1,,,2,"Vazzi, Lisa",,,,,
COMM,1311,0W2,3,2,2,1,,,1,1,,,,,,,,2,"Vazzi, Lisa",,,,,
COMM,1315,0W1,7,4,3,,,1,1,,,,,,1,,,2,"Skiles, Bradley W",,,,,
COMM,3342,0S1,,15,4,1,,,,,,,,,,,,0,"Gooch, John C",,,,,
CRIM,1301,0U1,2,5,3,1,2,,,,,,,,,,,0,"Geibler, Robert",,,,,
CRIM,1307,0U1,1,4,4,,1,,,,1,,,,,,,0,"Van Blarcum, Lauren N",,,,,
CRIM,3301,0W1,15,9,9,2,4,4,1,1,3,,2,,2,,,3,"Manuel, Samantha A",,,,,
CRIM,3302,0W2,2,5,2,2,4,2,,,,,,,,,,0,"Rodriguez, Diana C",,,,,
CRIM,3310,0U1,3,8,1,2,2,,,,,,1,,,,,0,"Wilds, Katherine M",,,,,
CRIM,4311,0W1,5,1,6,2,1,2,3,1,,,,,3,,,0,"Gordon, Quinn T",,,,,
CRIM,4396,5W1,4,17,5,8,14,6,3,3,,,,1,1,,,1,"Worrall, John L",,,,,
CS,1134,1U1,12,2,2,2,,,,,1,,1,1,,,,0,"Min, Richard K","Hsu, Chih-Wei",,,,
CS,1136,1U1,5,2,3,3,1,,,,1,,,,2,,,1,"Min, Richard K","Alshomar, Ahmad",,,,
CS,1136,1U2,7,1,1,,,1,1,,,2,,,1,,,0,"Min, Richard K","Li, Dongcheng",,,,
CS,1325,0U1,1,5,2,3,5,2,1,,,,,,,,,0,"Feng, Ranran","Li, Ruosen",,,,
CS,1334,0U1,4,3,4,5,2,1,,,3,,,,,,,0,"Nagar, Anurag","Ocampo Diaz, Gerardo",,,,
CS,1335,5U1,2,2,9,3,,,,,,,,,1,,,1,"Erbatur, Serdar","Li, Xiao",,,,
CS,1336,0U1,2,1,1,3,4,2,3,2,,,1,,3,,,1,"Gupta, Neeraj K","Birashk, Amin","Deniz, Omer Faruk",,,
CS,1336,0U2,5,3,2,1,2,,1,2,,1,1,,1,,,0,"Arnold, Gordon L",,,,,
CS,1337,0U1,3,6,5,3,9,1,3,2,,1,,,2,,,1,"Dollinger, Scott M","Delaram, Zeinab","Chen, Zizhao",,,
CS,1337,5U1,1,5,3,2,7,4,6,,,,,,,,,0,"Davis, Chris I","Zeng, Yankai",,,,
CS,2305,0U1,3,11,7,4,3,1,2,2,,,,,,,,1,"Feng, Ranran","Guo, Jinghui",,,,
CS,2336,0U1,3,5,1,,1,,2,,,,,,4,,,1,"Arnold, Gordon L",,,,,
CS,2336,5U1,2,3,5,5,7,10,,,,,,,,,,1,"Khan, Ziaullah","Tian, Zijing","Chen, Simin",,,
CS,2340,0U1,1,5,6,4,3,,2,2,2,1,,1,2,,,0,"Mazidi, Karen J","Mi, Feng",,,,
CS,2340,0U2,,3,,2,3,1,,,2,,,,1,,,0,"Zhao, Yi","Mi, Feng",,,,
CS,3305,0U2,,6,5,3,3,,,,,,,,,,,0,"Davis, Chris I","Shams, Shahab",,,,
CS,3305,0W1,1,19,4,4,2,,,,,,,,,,,0,"Farage, Timothy P","Tian, Zijing",,,,
CS,3341,0U1,6,1,3,3,1,1,2,1,5,3,,,1,,,0,"Whalen, Tristan G",,,,,
CS,3345,0U1,2,1,4,3,2,2,3,,1,3,1,1,1,,,1,"Ozbirn, Greg A","Malouf, Brian D",,,,
CS,3345,0U2,,,1,1,,1,2,3,,,,,2,,,0,"Zhao, Yi","Malouf, Brian D",,,,
CS,3354,0U1,,2,2,1,3,3,1,1,,,,,,,,0,"Paulk, Mark C","Chen, Zizhao",,,,
CS,3377,0W1,8,23,11,1,3,,3,2,,,1,,3,,,0,"Dollinger, Scott M","Jiang, Kai",,,,
CS,4141,6U1,14,3,2,,,,,,,,,,,,,0,"Nguyen, Nhut","Li, Xiao",,,,
CS,4141,6U2,4,2,3,1,,,2,,2,,,,,,,0,"Nguyen, Nhut","Chen, Tiantian","Li, Xiao",,,
CS,4301,0U1,7,11,7,5,4,,,2,2,,1,,,,,0,"Karami, Gity","Delaram, Zeinab",,,,
CS,4336,0U1,3,17,12,6,4,4,1,3,3,2,,,2,,,1,"Ozbirn, Greg A","Wang, Wenting","Nguyen, Son V",,,
CS,4337,0U1,11,,2,1,1,1,1,,,,2,,1,,,1,"Karami, Gity","Liu, Ximeng",,,,
CS,4337,0U2,7,2,5,2,3,1,,2,,,,,1,,,2,"Karami, Gity","Li, Ruosen",,,,
CS,4341,0U1,1,13,3,1,3,,3,4,3,2,2,,3,,,0,"Nguyen, Nhut","Chen, Tiantian",,,,
CS,4347,0U1,5,4,,1,4,,,2,,,,,1,,,0,"Omer, Jalal S","Liu, Ximeng",,,,
CS,4347,5U1,,3,5,10,4,2,4,2,1,,,,1,,,0,"Khan, Ziaullah","Li, Shengjie",,,,
CS,4348,0U1,1,3,,3,3,2,,2,3,,,,3,,,0,"Mittal, Neeraj","Wang, Wenting",,,,
CS,4348,0U2,,3,4,7,8,2,2,2,,,2,,5,,,2,"Prakash, Ravi","Rathnasuriya, Ravishka S",,,,
CS,4349,0U1,2,6,2,,2,2,,,,,,,1,,,0,"Chitturi, Bhadrachalam","Aggarwal, Alakh",,,,
CS,4352,0W1,2,15,5,,6,,,2,,,,,,,,0,"Kumar, Pushpa S","Tran, Trung Hieu",,,,
CS,4365,0U1,2,2,3,5,1,3,,2,2,1,,,,,,0,"Min, Richard K","Zeng, Yankai",,,,
CS,4375,0U1,1,2,2,5,3,5,2,1,1,1,,,3,,,1,"Mazidi, Karen J","Shams, Shahab",,,,
CS,4375,0U2,1,1,1,,2,1,1,,1,,,,3,,,3,"Ng, Yu Chung V","Li, Shengjie",,,,
CS,4376,0U1,1,1,2,2,2,3,2,2,,1,,,,,,1,"Chung, Lawrence","Alshomar, Ahmad",,,,
CS,4384,0U1,,2,7,2,3,2,1,2,5,,,,,,,0,"Erbatur, Serdar","Deniz, Omer Faruk",,,,
CS,4384,0U2,1,5,2,5,2,3,2,,,,,,1,,,1,"Davis, Chris I","Birashk, Amin",,,,
CS,4390,0U1,1,4,3,2,2,2,1,2,,,3,,,,,0,"Nguyen, Nhut","Li, Congzhou",,,,
CS,4393,0U1,,4,,1,2,1,,1,2,,,,,,,0,"Nguyen, Nhut","Chen, Simin",,,,
CS,5343,0U1,,6,4,5,7,2,1,3,,,,,1,,,0,"Gupta, Neeraj K","Deniz, Omer Faruk",,,,
CS,6314,5U1,,11,6,10,,,,,,,,,,,,0,"Min, Richard K","Hsu, Chih-Wei",,,,
CS,6350,0U1,,46,18,4,1,,,,,,,,,,,0,"Nagar, Anurag","Su, Ke","Miao, Miao",,,
CS,6359,0U1,,10,20,11,8,,,,,,,,,,,0,"Chung, Lawrence","Kolluri, Kirthy",,,,
CS,6360,5U1,,9,2,4,4,,1,,,,,,,,,0,"Omer, Jalal S","Garg, Priyanshi",,,,
CS,6363,0U1,,16,3,10,4,3,,,,,,,,,,1,"Chitturi, Bhadrachalam","Aggarwal, Alakh",,,,
CS,6364,0U1,,17,7,3,14,,2,9,,,,,5,,,0,"Schweitzer, Haim","Dasgupta, Sopam","Song, Zihe",,,
CS,6364,0U2,,17,6,2,4,2,,2,,,,,1,,,0,"Schweitzer, Haim","Dasgupta, Sopam","Song, Zihe",,,
CS,6367,0U1,,13,5,4,1,1,,,,,,,,,,0,"Wong, Weichen E","Li, Dongcheng","Chen, Zizhao",,,
CS,6375,5U1,,25,12,4,1,,,,,,,,,,,0,"Nagar, Anurag","Zhang, Qifan",,,,
CS,6378,0U1,,8,2,2,6,2,,2,,,,,,,,0,"Prakash, Ravi","Miao, Miao",,,,
CS,6385,0W1,,43,15,5,7,,,,,,,,,,,0,"Farago, Andras","Hatfield, Cody R","Garg, Priyanshi",,,
ECON,2301,0U1,2,3,3,,1,2,1,,1,,,,1,,,0,"Bing, Yuanchen",,,,,
ECON,2301,5U1,3,6,4,5,1,1,,1,,,,,,,,1,"Li, Ji",,,,,
ECON,2302,5U1,,2,1,2,3,1,1,,,,,,,,,0,"Lu, Yundi",,,,,
ECS,3390,051,14,3,1,,,,1,,,,,,,,,0,"Montgomery, Christina",,,,,
ECS,3390,053,2,5,1,1,3,1,1,,,,,,1,,,0,"Johnson, Janet L",,,,,
ECS,3390,091,1,5,,2,2,,,1,,,,,1,,,0,"Johnson, Janet L",,,,,
ECS,3390,092,,10,,,,,,,1,,,,3,,,0,"Scally, Deborah A",,,,,
ED,4358,0W1,,2,,,1,,2,2,,,,,2,,1,0,"Root, Alexey",,,,,
EE,3161,051,1,7,2,5,,,,,,,,,,,,0,"Mezenner, Rabah",,,,,
EE,3202,0U1,,1,1,1,,6,2,1,4,,,,,,,0,"Kiasaleh, Kamran","Apalak, Merve",,,,
EE,3301,0U1,4,2,,1,,,1,,1,,,,1,,,0,"Tacca, Marco","Luo, Ziyang",,,,
EE,3311,5U1,,5,3,5,2,4,1,,1,,,,,,,0,"Sechen, Carl","Salimath, Vibhav Kumarswami",,,,
EE,4203,0H1,2,5,5,2,2,3,,1,,,,,1,,,0,"Kehtarnavaz, Nasser","Ni, Aoxin","Gogineni, Susmitha",,,
EEMF,6372,5U1,,4,1,1,2,,,2,,,,,,,,1,"Tinker, Mark T",,,,,
EEOP,6314,0H1,,10,1,,,,,,,,,,,,,0,"Tamil, Lakshman",,,,,
EERF,7V89,0W1,,4,4,4,,,,,,,,,,,,1,"Henderson, Rashaunda M","Datta, Rajesh K",,,,
ENGR,2300,0W1,3,8,2,2,3,3,1,1,4,,,,,,,1,"Akin, Bilal","Li, Chen","Kumar, Saurabh",,,
ENGR,3300,0U1,4,7,,6,8,2,5,9,1,,1,,2,,,0,"Ali, Mohammed Z","Peng, Genchang","Ahmed, Sabrina",,,
ENGR,3341,0U1,1,1,1,1,,2,,2,2,,,1,,,,2,"Fonseka, John","Helwa, Sherief M",,,,
ENTP,3301,0U1,5,5,6,,3,1,2,,,,,,,,,0,"Nichols, Paul M",,,,,
ENTP,4340,0U1,4,10,4,1,3,1,,,1,,,,1,,,1,"Goodrich, Mary Beth W",,,,,
ENTP,6370,0W1,,11,10,7,13,3,1,2,,,,,,,,0,"Kimzey, Jackie","Deng, Shu",,,,
EPPS,2302,0W1,,9,4,,1,1,,1,3,,,,,,,0,"Yoon, Youngseok",,,,,
EPPS,6317,051,,18,,,,,,,,,,,,,,1,"Qiu, Fang","Lyu, Haitao",,,,
FILM,1303,051,9,,,,1,,,,,,,,1,,,0,"Shafek, Amal S",,,,,
FILM,2332,091,1,2,5,1,,1,3,1,,,2,,2,,,2,"Baker, Emily-Rose",,,,,
FIN,3300,0W1,,19,,,11,,,6,,,7,,6,,,1,"Lynch, Julie","Huang, Zhuowei",,,,
FIN,3320,0U1,1,2,2,1,2,2,,2,,,,,1,,,0,"Harit, Tuhin",,,,,
FIN,3320,0U2,2,4,4,,4,,,2,,,,,,,,1,"Wen, Yaxin",,,,,
FIN,3320,0W1,,8,1,1,11,2,1,9,3,,1,,1,,,3,"Manzi, Jeff",,,,,
FIN,3320,0W2,1,5,1,1,8,1,3,9,2,1,1,,2,,,0,"Manzi, Jeff",,,,,
FIN,3320,0W3,1,9,,2,4,,1,6,1,,,,2,,,1,"Manzi, Jeff",,,,,
FIN,3360,0W1,,2,10,7,13,4,3,1,,,,,,,,1,"Pedigo, Madison F",,,,,
FIN,3365,0W1,2,4,1,9,10,4,2,2,,,,,,,,0,"DeCourcy, George A",,,,,
FIN,3390,0U1,5,2,5,3,5,4,4,1,1,1,2,2,,,,0,"El-Ashmawi, Amal H",,,,,
FIN,4300,0U1,3,1,1,2,2,1,,,1,,1,,,,,0,"Oyima-Antseleve, Ndackyssa",,,,,
FIN,4310,5U1,,3,,1,1,,,1,2,1,,1,,,,0,"Smith, Jake A",,,,,
FIN,4380,0U1,1,2,7,,2,,3,,,1,,,,,,0,"Ballew, Gregory E",,,,,
FIN,6301,0W1,,21,4,1,8,2,2,9,,,,,6,,,0,"Nishi, Hirofumi","Guo, Shujian",,,,
FIN,6301,5U1,,8,1,,3,,,4,,,,,,,,0,"Nishi, Hirofumi","Guo, Shujian",,,,
FIN,6301,XU1,,12,3,,3,,1,,,,,,,,,0,"El-Ashmawi, Amal H",,,,,
FIN,6307,0W1,,3,2,,4,4,1,1,,,,,,,,1,"Ma, Liping","Kurucak, Abdurrahman",,,,
FIN,6308,0W1,,10,3,7,1,1,1,1,,,,,,,,0,"Lewin, Peter","Kelly, Matthew L",,,,
FIN,6310,5U1,,4,3,3,5,3,,1,,,,,,,,1,"Kaur, Dupinderjeet","Kurucak, Abdurrahman",,,,
FIN,6318,5U1,,3,2,3,2,3,,,,,,,1,,,0,"Baranchuk, Nina","Guo, Shujian",,,,
FIN,6321,5H1,,4,2,,7,,,7,,,,,,,,0,"Guttery, Randall",,,,,
FIN,6322,0W1,,16,6,11,7,3,,1,,,,,,,,0,"DeCourcy, George A",,,,,
FIN,6360,5U1,,4,1,2,1,1,,1,,,,,,,,0,"Kaur, Dupinderjeet","Kurucak, Abdurrahman",,,,
FTEC,6312,FH1,,12,6,2,3,,,,,,,,,,,0,"Scott, James A",,,,,
FTEC,6334,FH1,,19,,,,,,,,,,,,,,0,"Zemoodeh, Amir",,,,,
GEOS,1303,051,2,12,5,,,1,,,,,,,,,,0,"Griffin, William R","Wang, Ning",,,,
GEOS,3300,0S1,4,1,3,,,2,,,,,,,,,,0,"Pirouz, Mortaza","Moulding, Ann E",,,,
GEOS,4300,0S1,1,,,4,3,2,3,1,,1,,,,,,0,"Pirouz, Mortaza","Moulding, Ann E",,,,
GOVT,2305,0U1,3,2,2,,2,,,,1,,,,1,,,1,"Sanchez De La Rosa, Andres Ricardo",,,,,
GOVT,2305,0U2,1,6,2,4,5,2,2,3,,,1,,,,,0,"Widner, Katie",,,,,
GOVT,2306,0U1,4,6,1,6,,1,1,1,1,,,,,,,0,"Noe, Ricardo",,,,,
GOVT,2306,0U2,,11,7,5,7,6,2,3,2,,,,1,,,2,"Eaton, John M",,,,,
HDCD,6351,5W1,,11,1,,1,1,,,,,,,,,,0,"Ewing, Donna M",,,,,
HDCD,6370,0H1,,15,,,1,1,,,,,,,,,,0,"Ewing, Donna M",,,,,
HIST,1302,0W1,1,6,13,23,19,31,11,12,7,6,2,3,10,,,2,"Schulze, Jeffrey","Ivey, Tinamarie","Li, Ang",,,
HIST,3328,0W1,,,3,6,2,,1,,,,,,1,,,1,"Dennis, Patrick W",,,,,
HIST,4344,0W1,,3,9,5,3,4,2,,,,,,1,,,0,"Pfister, Debra H",,,,,
HIST,4378,0W1,12,11,,1,2,,1,,,,,,3,,,0,"Pettengill, Ryan S",,,,,
HIST,6325,0W1,,3,5,,,2,,,,,,,,,,0,"Schulze, Jeffrey",,,,,
HIST,6340,551,,6,3,1,,,,,,,,,,,,0,"Wilson, Michael",,,,,
HLTH,1301,0W1,,4,6,3,2,3,4,,,,,,,,,0,"Baetge, Claire",,,,,
HLTH,3300,0U1,,2,6,6,3,5,4,7,8,1,4,,,,,3,"Byrnes, Kathleen A",,,,,
HMGT,6320,CH1,,22,3,4,,,,,,,,,,,,0,"Jacob, Stephen",,,,,
HMGT,6324,0W1,,11,,1,3,,,,,,,,,,,0,"Ziegler, Laurie","Garg, Suyash",,,,
HMGT,6324,0W2,,7,,,2,,,,,,,,,,,1,"Ziegler, Laurie","Garg, Suyash",,,,
HMGT,6331,5U1,1,20,9,4,3,1,,,,,,,,,,1,"Malaise, Michael",,,,,
HMGT,6332,5U1,,10,3,9,5,5,4,4,,,,,7,,,0,"Ramanathan, Kannan",,,,,
HMGT,6401,AS1,,42,2,,,,,,,,,,,,,1,"Taylor, Donald E","Kaiser, Robert C",,,,
HMGT,6408,AS1,,45,1,,,,,,,,,,,,,0,"Taylor, Donald E","Convery, Paul",,,,
IMS,3310,0U1,,3,2,5,3,,1,,,,,,,,,0,"Wang, Jiyu",,,,,
IMS,3310,5U1,,9,10,6,9,3,1,1,,,,,1,,,2,"Liu, Yu",,,,,
IMS,4335,0U1,6,4,2,2,,2,,,,,,,1,,,0,"Goodrich, Mary Beth W",,,,,
IMS,4V94,091,,11,1,1,,,,,,,,,,,,0,"Zydorek, Hubert",,,,,
IMS,6304,AW1,,11,,,8,,,2,,,,,,,,3,"Petrik, Peter",,,,,
IMS,6314,0W1,,5,18,3,,,,,,,,,,,,0,"Dalgic, Tevfik",,,,,
IMS,6316,GW1,,6,8,4,6,2,,,,,,,,,,0,"Peinhardt, Clint W",,,,,
IMS,6354,GW1,,6,10,2,2,3,1,,,,,,,,,1,"Albrecht, Maria",,,,,
IMS,6360,0W1,,30,22,14,4,5,1,1,,,,,1,,,0,"Olsztynska, Agnieszka","Deng, Shu",,,,
IMS,6365,0W1,,14,11,10,6,5,3,,,,,,,,,0,"Woldu, Habte G","Alborz, Ethan",,,,
ISIS,3335,0W1,,4,10,6,5,3,1,1,,1,,,,,,0,"Rosa, Jonathan",,,,,
ISIS,4304,0H1,,4,4,3,1,1,1,,,,,,,,,0,"Werhnyak, Larissa",,,,,
ISNS,2359,0W1,62,14,7,5,1,2,2,2,1,,2,1,4,,,0,"Pujana, Ignacio","Sink, Katharine O",,,,
ISNS,2367,0W1,14,22,7,1,4,3,,1,,1,,,4,,,0,"Pujana, Ignacio","Akatakpo, Solomon O",,,,
ISNS,2367,0W2,3,16,7,4,3,,1,2,2,,,,1,,,0,"Pujana, Ignacio","Akatakpo, Solomon O",,,,
ITSS,3300,5U1,,27,13,5,7,1,2,3,1,,,,,,,0,"Owens, Sean M",,,,,
ITSS,3311,5U1,5,5,2,3,4,3,2,1,2,,,,,,,0,"Ozdemir, Dicle Yagmur",,,,,
ITSS,3312,5U1,,3,7,3,3,6,1,2,,,,,2,,,8,"Short, Kevin P","Harikrishna Reddy, Chillakuru",,,,
ITSS,3390,5U1,2,5,4,3,1,,,,,,,,,,,1,"Neal, Angela A",,,,,
ITSS,4300,5U1,3,4,2,3,5,5,1,1,1,,1,,2,,,5,"Perry, Christopher M","Srivastava, Bhupesh K",,,,
ITSS,4330,5U1,1,3,3,9,7,5,5,2,4,,,2,,,,1,"Khan, Taimur A","Harikrishna Reddy, Chillakuru",,,,
ITSS,4351,5U1,,7,11,8,6,3,1,1,1,,,,,,,1,"Pandian, Thiru","Luo, Ning",,,,
ITSS,4352,5U1,2,8,15,5,1,1,1,1,3,,,,1,,,1,"Neal, Angela A","Kengalapura Shivamurthy, Sourabha",,,,
ITSS,4360,5U1,,4,2,4,3,1,1,,,1,,,1,,,1,"Thirumalai, Nambi","Tang, Ping",,,,
ITSS,4370,5U1,,3,6,2,9,2,2,2,,,1,,1,,,0,"Young, John G",,,,,
LIT,1301,0W1,9,3,1,3,2,,,,,,,,,,,0,"Ingrao, Peter J",,,,,
LIT,2331,0W2,,10,,1,,,,,,,,,1,,,0,"Arrabai, Mustafa M",,,,,
LIT,3337,0W1,1,3,2,3,,1,,,,,,,,,,0,"Riley, Kristin N",,,,,
MAS,6102,0U1,,,,,,,,,,,,,2,50,,1,"Cirilo, Jason M",,,,,
MATH,1314,0S1,,1,1,2,,3,,1,,2,,,,,,0,"Alvarado, Iris",,,,,
MATH,1314,0U1,1,2,,,,2,,1,2,,,,5,,,0,"Aman, Kelly","Murad, Mohammad Hassan",,,,
MATH,1325,0U1,,,,4,,,,2,3,,2,,4,,,0,"Guo, Huizhen","Nuwagira, Brighton",,,,
MATH,1325,5U1,,,1,,2,,1,2,1,1,1,,8,,,4,"Liu, Runzhou","Ghanem, Ziad G",,,,
MATH,1326,0U2,3,3,1,2,1,1,,3,,,1,,4,,,1,"Duruoha, Adannah","Crane, Casey M",,,,
MATH,2312,0U1,,2,1,,1,,1,1,4,,,,4,,,1,"Martynova, Irina","Chen, Huiyi",,,,
MATH,2413,0U1,,1,1,1,1,5,1,4,4,,,2,2,,,1,"Nguyen, Mylinh T","Gallo, Erika S","Cao, Jianpeng","Zhao, Kun",,
MATH,2413,0U2,1,1,1,,1,3,2,3,2,,,2,5,,,1,"Patel, Jigarkumar S","Gallo, Erika S","Cao, Jianpeng","Zhao, Kun",,
MATH,2414,0U1,2,,3,1,,2,1,4,1,2,,1,13,,,3,"Ahsan, Mohammad K",,,,,
MATH,2414,0U2,3,,5,2,3,2,1,,1,3,2,,8,,,2,"Ahsan, Mohammad K",,,,,
MATH,2415,0U1,2,1,1,,2,,2,4,2,,,1,1,,,0,"Dahal, Rabin","Chen, Ying",,,,
MATH,2415,0U2,4,3,,2,5,2,,1,1,1,,,2,,,2,"Dahal, Rabin","Zagvozdkin, Andrei",,,,
MATH,2417,0U1,6,1,2,3,2,,4,1,1,1,1,1,2,,,2,"Sultana, Nasrin","Jahan, Mahmuda",,,,
MATH,2418,0U1,3,2,2,1,1,1,3,5,1,,1,1,3,,,4,"Paudel, Ajaya B",,,,,
MATH,2418,0U2,6,1,2,1,3,1,2,3,2,3,1,,2,,,0,"Adabrah, Anani Komla",,,,,
MATH,2419,0U1,1,3,1,2,4,3,2,2,2,,,,1,,,0,"Eydelzon, Anatoly","Palit, Priyojit","Li, Jiacheng",,,
MATH,2420,0U1,2,3,1,1,2,1,1,1,1,,1,1,1,,,0,"Dabkowski, Mieczyslaw K",,,,,
MATH,3351,0U1,2,2,,2,2,1,4,1,2,,,,,,,0,"Ramakrishna, Viswanath","Seiffert, Lucas",,,,
MATH,4301,0U1,2,1,1,2,1,2,2,3,2,,,,1,,,1,"Dabkowski, Mieczyslaw K","Ahmed, Faisal",,,,
MECH,2330,051,,2,1,1,,,,3,1,,,1,,,,2,"Thamban, P.L.Stephan",,,,,
MECH,3105,1W1,6,3,3,2,1,1,,2,,,,,,,,0,"Rios, Oziel",,,,,
MECH,3150,1W1,1,5,4,1,2,1,,,,,,,,,,0,"Park, Wooram",,,,,
MECH,3305,0W1,4,1,2,6,3,2,2,1,,,,,1,,,1,"Rios, Oziel",,,,,
MECH,3320,0S1,2,2,7,2,2,2,3,3,4,,1,,,,,1,"You, Seung M",,,,,
MECH,3370,0U1,1,3,3,2,4,1,,1,,,,,1,,,0,"Fadda, Dani Z",,,,,
MECH,3380,0W1,2,2,1,1,,2,1,5,1,1,3,,2,,,1,"Malik, Arif",,,,,
MECH,4340,0W1,,1,3,4,3,1,1,2,,,,,,,,0,"Park, Wooram",,,,,
MECH,4381,0U1,,7,20,16,27,6,2,3,,,,,,,,0,"Hart, Robert A",,,,,
MECH,4V95,0W1,,4,2,,7,,,9,1,,2,,3,,,1,"Summers, Joshua",,,,,
MECO,6303,0W1,,13,11,11,3,5,3,8,,,,,,,,0,"Lewin, Peter","Kelly, Matthew L",,,,
MECO,6303,AW1,,15,1,,,1,,,,,,,,,,1,"Kiser, Stephen L",,,,,
MIS,6308,0W1,,27,9,13,4,2,,1,,,,,,,,0,"Raghunathan, Srinivasan","Joseph, Shailender",,,,
MIS,6308,0W2,,9,12,9,3,1,,1,,,,,,,,2,"Raghunathan, Srinivasan","Joseph, Shailender",,,,
MIS,6313,5U1,,6,12,9,9,6,3,,,,,,,,,1,"Shroff, Tejas N","Zhu, Yan",,,,
MIS,6313,CW1,,3,3,7,,,,,,,,,,,,0,"Rhoades, Mike",,,,,
MIS,6313,GW1,,6,1,6,3,,1,1,,,,,,,,0,"Wiant, Russell B",,,,,
MIS,6313,GW2,,11,5,2,3,,,1,,,,,,,,0,"Wiant, Russell B",,,,,
MIS,6319,0W1,,18,,,4,,,,,,,,,,,0,"Thompson, Luell O",,,,,
MIS,6324,0W1,,4,1,4,3,2,1,,,,,,,,,0,"Menon, Syam","Luo, Ning",,,,
MIS,6326,0W1,,8,5,5,8,,,,,,,,,,,0,"Ryu, Young","Zhu, Wangsheng",,,,
MIS,6330,5U1,,4,4,5,1,,,1,,,,,,,,0,"Shroff, Tejas N","Zhu, Yan",,,,
MIS,6346,5U1,,13,2,4,3,,,,,,,,,,,0,"El-Youssef, Rami","Tang, Ping",,,,
MIS,6363,0U1,,16,14,3,3,1,1,,,,,,1,,,0,"Calisir, Engin","Xie, Si",,,,
MIS,6363,5U1,,17,10,3,1,1,,,,,,,,,,0,"Calisir, Engin","Xie, Si",,,,
MIS,6380,0U1,,13,1,10,1,1,1,2,,,,,,,,0,"Islam, Naser","Srivastava, Bhupesh K",,,,
MIS,6380,5D1,,18,4,13,5,1,,3,,,,,,,,0,"Islam, Naser","Srivastava, Bhupesh K",,,,
MIS,6382,5U1,,10,12,12,6,4,2,2,,,,,,,,0,"Neouchi, Rabih","Xie, Si",,,,
MKT,3300,0U1,6,3,2,6,2,1,1,,,,,,,,,2,"Jameei Osgouei, Ata",,,,,
MKT,3300,0W1,,7,11,12,8,7,2,1,,1,1,,,,,0,"Pahwa, Parneet","Kim, Seung Mok",,,,
MKT,3330,0U1,1,5,2,1,3,3,,,,,,,2,,,1,"Amirpour, Semiramis","Rai, Rahul",,,,
MKT,4330,0W1,1,8,7,5,3,2,2,,2,1,,2,2,,,0,"Edsel, Alexander D",,,,,
MKT,4334,5U1,,6,2,1,10,,1,,,,,,,,,0,"Pacyna, Sandra",,,,,
MKT,4360,5U1,5,8,10,14,4,1,,,,,,,,,,0,"Farquharson, Neil",,,,,
MKT,4395,5U1,2,11,,,,,,,,,,,,,,0,"Farquharson, Neil",,,,,
MKT,6301,0W1,,13,9,8,15,9,5,2,,,,,3,,,0,"Pahwa, Parneet","Kim, Seung Mok",,,,
MKT,6301,CW1,,24,,,,,,,,,,,,,,0,"Munch, James",,,,,
MKT,6301,MBP,,5,3,11,5,2,,,,,,,1,,,0,"Rajaratnam, Daniel",,,,,
MKT,6301,XU1,,10,8,1,,,,,,,,,,,,0,"Albrecht, Maria",,,,,
MKT,6309,0W1,,2,4,7,6,5,,,,,,,,,,0,"Rajaratnam, Daniel",,,,,
MKT,6310,0W1,,4,3,5,5,3,4,,,,,,,,,0,"Biswas, Abhijit","Brahmbhatt, Kruti Nitin",,,,
MKT,6321,0W1,,16,1,6,12,2,,,,,,,,,,1,"Edsel, Alexander D",,,,,
MKT,6332,0W1,,6,4,7,6,5,5,2,,,,,1,,,0,"Biswas, Abhijit",,,,,
MKT,6336,0W1,,3,4,3,1,1,,,,,,,,,,0,"Rao, Ram C","Choi, Eunsung",,,,
MKT,6337,0W1,,4,2,3,3,3,1,2,,,,,,,,0,"Subramanian, Upender","Madan, Anmol","Roshangarzadeh, Reza",,,
MKT,6339,0W1,,7,5,4,7,1,,,,,,,,,,0,"Rajaratnam, Daniel",,,,,
MKT,6352,0W1,,19,6,4,8,4,3,4,,,,,1,,,0,"Tirone, Guido",,,,,
MUSI,1306,051,15,12,,,,,,,,,,,,,,1,"Jones, Eric",,,,,
NSC,3361,0U1,1,3,2,1,3,1,4,1,3,1,,,2,,,0,"McWilliams, Steven P","Bryan, Caeley L",,,,
NSC,3361,0U2,2,2,2,,1,1,5,2,3,,,,,,,4,"Taylor, Anna M","Garner, Katherine M","Szabo-Pardi, Thomas A",,,
NSC,4351,0W1,4,20,5,,,,,,,,,,,,,0,"Shareef, Safiullah M",,,,,
NSC,4352,0U1,1,4,3,,1,4,,,,,,,,,,0,"Raboune, Siham","Rodriguez, Sierra R",,,,
NSC,4353,1U3,3,6,2,,1,1,,1,,,,,,,,0,"Raboune, Siham","Driskill, Christopher M",,,,
NSC,4366,0U1,3,3,2,3,1,2,2,,,,3,,3,,,2,"Taylor, Anna M","Hu, Ya-Yu",,,,
NSC,4V90,0W1,5,11,5,3,7,3,,,1,,,,2,,,0,"Maqbool, Mohsin",,,,,
OB,6249,CW1,,26,,,2,,,,,,,,,,,0,"Latham, Van M",,,,,
OB,6301,0W1,,35,9,6,9,3,2,2,,,,,2,,,0,"Hasenhuttl, Maria","Teschner, Ryan S",,,,
OB,6301,CH1,,24,,,,,,,,,,,,,,0,"Ferrante, Anne M",,,,,
OB,6331,CW1,,10,,1,,,,,,,,,,,,0,"Hasenhuttl, Maria",,,,,
OB,6332,0W1,,17,1,2,2,,,2,,,,,,,,1,"Ziegler, Laurie","Garg, Suyash",,,,
OB,6332,0W2,,28,,,3,1,,,,,,,,,,2,"Ziegler, Laurie","Garg, Suyash",,,,
OB,6334,CW1,,6,6,5,,,,,,,,,,,,0,"Latham, Van M",,,,,
OB,6344,CW1,,28,5,,,,,1,,,,,,,,0,"Norton, Larry",,,,,
OB,6348,CW1,,28,1,1,1,,,2,,,,,,,,0,"Plaisance Bryan, Suzette T",,,,,
OB,6351,CW1,,20,3,3,2,,,,,,,,,,,0,"Norton, Larry",,,,,
OB,6352,CW1,,19,3,,2,,,,,,,,,,,0,"Norton, Larry",,,,,
OB,6358,GW1,,11,,,1,,,,,,,,,,,0,"Thurgood, Keith L",,,,,
OB,6367,GW1,,11,,1,,,,,,,,,,,,0,"Thurgood, Keith L",,,,,
OB,6382,CW1,,35,,,,,,,,,,,,,,0,"Plaisance Bryan, Suzette T",,,,,
OB,6384,CW1,,17,2,1,1,,,1,,,,,,,,0,"Honeycutt, James",,,,,
OBHR,3310,0U1,4,3,3,3,1,2,,,,,,,,,,0,"Guo, Nan",,,,,
OBHR,3330,0U1,,6,7,5,6,3,,,3,,,,1,,,0,"Meda, Edward","Teschner, Ryan S",,,,
OBHR,4300,0W1,38,12,,,,,,,,,,,,,,0,"Edgington, Kyle D",,,,,
OPRE,3310,0U1,,5,,3,4,,3,4,,,,,,,,1,"Subramoniam, Ramesh","Wei, Jiarui",,,,
OPRE,3310,0U2,5,7,3,3,3,2,,1,,,,,1,,,0,"Armaghan, Milad",,,,,
OPRE,3310,5U1,6,5,3,4,1,2,6,2,,1,1,,3,,,1,"Rout, Arun Kumar",,,,,
OPRE,3333,0W1,6,16,10,3,7,2,,2,,1,2,,1,,,0,"Alimirzaei, Athena","Qu, Zihao",,,,
OPRE,3333,5U1,14,3,2,2,2,,1,2,1,,3,,4,,,2,"Ahadi, Khatereh","Chen, Qiuxia",,,,
OPRE,3360,0W1,14,11,7,4,8,2,4,2,2,,1,,1,,,2,"Ahadi, Khatereh","Chen, Qiuxia",,,,
OPRE,3360,5U1,1,6,3,3,1,5,1,1,1,,,,,,,0,"Manchiraju, Chandrasekhar Seetharama",,,,,
OPRE,6301,0W1,,18,7,3,17,3,3,3,,,,,3,,,0,"Leach, Sonia E","Takasi, Venkanna Dora Goutham",,,,
OPRE,6301,CH1,,21,3,3,1,1,,,,,,,,,,0,"Kim, Dohyeong",,,,,
OPRE,6302,0W1,,16,13,17,9,1,,,,,,,,,,1,"Dawande, Milind","Takasi, Venkanna Dora Goutham",,,,
OPRE,6302,AW6,,13,6,,2,1,,,,,,,,,,2,"Leach, Sonia E",,,,,
OPRE,6302,MBP,,10,7,7,2,,,,,,,,1,,,0,"Subramoniam, Ramesh","Wei, Jiarui",,,,
OPRE,6332,5U1,,18,8,10,4,3,1,4,,,,,2,,,0,"Ramanathan, Kannan","Wei, Jiarui",,,,
OPRE,6364,PW1,,5,5,1,,,,,,,,,,,,0,"Rajamani, Divakar",,,,,
OPRE,6379,PW1,,5,4,1,,,,,,,,,,,,0,"Rajamani, Divakar","Raschke, Curt",,,,
OPRE,6390,0W1,,22,,,7,,,3,,,,,,,,0,"Thompson, Luell O",,,,,
OPRE,6398,0W2,,9,,,1,,1,,,,,,,,,0,"Alimirzaei, Athena","Qu, Zihao",,,,
OPRE,6398,5U1,,3,1,6,,,,,,,,,,,,0,"Sethi, Awanti",,,,,
OPRE,6399,0W1,,9,2,1,,,,,,,,,,,,0,"Menon, Syam","Luo, Ning",,,,
PA,3333,0W1,11,12,13,2,,1,,,,,,,1,,,0,"Rafi, Ahmed",,,,,
PA,4355,0U1,7,2,,,1,1,,,,,,,,,,0,"Hoang, Thanh T",,,,,
PA,6321,0E1,,13,,,,,,,,,,,,,,0,"Benavides, Teodoro J",,,,,
PA,6321,0U1,,17,,,,,,,,,,,,,,1,"Benavides, Teodoro J",,,,,
PA,6369,0W1,,11,5,,1,2,,,,,,,,,,3,"Stocks, Dhriti P",,,,,
PA,8330,HN1,,33,,1,2,,,,,,,,1,,,0,"Shute, William H","Chin, Michelle L",,,,
PHIL,1301,0W1,,47,,5,53,,2,11,,,7,,4,,,1,"Amato, Lawrence A","Meyer, Zachary M","Tijani, Kehinde O",,,
PHIL,3328,0W1,,,3,,,,2,1,1,,1,1,,,,1,"Dennis, Patrick W",,,,,
PHYS,1301,0U1,5,2,3,1,4,,,,,,,,,,,4,"Khan, Amena","Jafarzadeh, Seyed Javad","Ruwali, Shisir",,,
PHYS,1302,0W1,2,8,2,3,4,1,3,,1,1,,,,,,1,"Sun, Kuei","Bhattacharjee, Koustubh",,,,
PHYS,2125,1U1,3,10,1,1,1,1,,,,,,1,1,,,0,"Sun, Kuei","Ali, Akbar",,,,
PHYS,2125,1U2,1,10,,1,,,,,,,,,,,,2,"Sun, Kuei","Bera, Avijit",,,,
PHYS,2125,1U3,1,11,2,,,,,,,,,,,,,0,"Sun, Kuei","Gogoi, Antareep","Bhandari, Bishal","Gibbons, Stasio M",,
PHYS,2126,1U1,9,1,1,,,,,,,,,,,,,1,"Macalevey, Paul J","Patra, Rittik",,,,
PHYS,2126,1U4,22,1,,1,,1,,,,,,,,,,0,"Macalevey, Paul J","Shrestha, Samyak",,,,
PHYS,2126,1U5,9,,1,,,,1,,,,,,,,,0,"Macalevey, Paul J","Khan, Junaid Saif",,,,
PHYS,2325,0U1,6,6,3,2,1,2,1,1,1,1,1,,1,,,0,"Ishak-Boushaki, Mustapha","Sooriyaarachchi, Vinu K","Mitchell, George A",,,
PHYS,2325,0U2,1,6,,1,1,1,,1,1,,,,2,,,1,"Slinker, Jason D","Seifi, Melodee O","Ameh, Emmanuel O",,,
PHYS,2326,0U1,,6,7,9,7,2,4,,2,,1,,1,,,0,"Gartstein, Yuri","Aker, Adam","Dowarah, Sasanka",,,
PPOL,4312,0S1,3,9,,,,,,,,,,,,,,0,"Boots, Denise P",,,,,
PPPE,7V26,0U1,,15,1,,,,,,,,,,,,,0,"Elliott, Euel W",,,,,
PSY,2301,0W1,,16,16,14,8,10,4,3,4,1,1,5,5,,,1,"Brody, Salena M","Li, Yue",,,,
PSY,2317,0U1,,1,,,2,2,2,,,,,,2,,,4,"Batchalli Maruthy, Gayathri","Zhang, Ziwei",,,,
PSY,3310,0U1,1,5,5,2,2,7,2,4,,,,,,,,2,"Heinrich, Melissa D","Hafiz, Mariam",,,,
PSY,3331,0U1,,17,9,,4,4,1,3,1,,,,3,,,8,"Huxtable-Jester, Karen J","Lilly, Lauren H",,,,
PSY,3342,5U1,2,4,4,1,1,2,,3,,,,,1,,,0,"Bonner, Deborah L","Padilla Cardoso, Mayra A",,,,
PSY,3361,0W1,40,11,11,6,8,4,4,,1,,1,,1,,,1,"Hooge, Kimberley O",,,,,
PSY,3392,0U1,2,5,1,4,,2,,,,,1,,2,,,0,"Holmes, Melanie C","Nguyen, Linh Thi D",,,,
PSY,3393,0U1,,7,6,2,1,1,,1,,,,,,,,0,"Jones, Desiree","Monroe, Anthony J",,,,
PSY,3393,0W1,2,4,8,3,2,1,,1,1,,1,,,,,0,"Shirvani, Forouz","Sudheesh, Athul",,,,
PSY,4331,0U1,6,9,7,2,11,5,5,4,,,1,1,,,,0,"Poucher, Jesse W","Heard, Matthew J",,,,
PSY,4343,0W1,19,36,14,8,7,3,1,4,,,,,2,,,0,"Ybarra, Regina K","Hsieh, Uan-Luen",,,,
PSY,4343,0W2,5,10,9,6,8,2,1,2,,1,3,,1,,,2,"Ybarra, Regina K","Hsieh, Uan-Luen",,,,
PSY,4346,0U1,7,9,7,4,,1,1,3,3,,,,2,,,3,"Wilder, Siri","Platt, Kristen N",,,,
PSY,4V90,0U1,,15,,,,,,,,,,,,,,0,"De Froy, Adrienne M",,,,,
PSY,4V90,0W1,,23,1,1,,,3,,1,,1,1,,,,1,"Brody, Salena M","De La Cerda, Callie B",,,,
REAL,3365,0W1,,1,2,2,3,3,,,1,,,,,,,0,"DeCourcy, George A",,,,,
REAL,6321,5H1,,1,1,,2,,,3,,,,,2,,,2,"Guttery, Randall",,,,,
REAL,6322,0W1,,4,2,2,6,2,,,,,,,,,,0,"DeCourcy, George A",,,,,
RHET,1302,051,1,7,3,,,,1,1,,1,,1,,,,0,"Cook, Brandy S",,,,,
RHET,1302,052,7,4,4,,,1,,,1,,,,1,,,0,"Walker, Jason A",,,,,
RHET,1302,091,,1,4,1,3,2,,1,,1,,,1,,,0,"Cox, Gavin L",,,,,
RHET,1302,0S1,3,4,3,1,1,,,,,,,,,,,0,"Hill, Justin T",,,,,
SE,3306,0W1,3,3,,2,,2,,,,,,,,,,0,"Farage, Timothy P","Song, Zihe",,,,
SE,4381,0U1,,3,4,3,3,7,3,3,2,,,,,,,0,"Paulk, Mark C","Nguyen, Son V",,,,
SOC,1301,0W1,33,10,1,,1,2,,1,,,,,,,,0,"Dickey-Laprocido, Galen L",,,,,
SOC,2320,0S1,13,4,,,,,,,,,,,,,,0,"Lanham, Carol C","Scotch, Richard","Dore, Gaetan",,,
SPAU,3340,0U1,1,7,,,2,,,1,,,,,,,,0,"Aldridge, Michelle A","Vu, Katrina D",,,,
SPAU,3343,0U1,3,4,2,1,,,,2,,1,,,1,,,0,"Mehta, Sonya","Thomas, Abbey L",,,,
STAT,1342,0U1,1,1,1,,1,2,1,1,1,,,,1,,,1,"Koshevnik, Yuly","Shuvo, Farabi R",,,,
STAT,2332,0U1,10,2,1,1,2,,2,1,1,,,,1,,,0,"Whalen, Tristan G",,,,,
STAT,4351,0U1,4,5,2,,3,1,,,,,,3,1,,,0,"Koshevnik, Yuly","Rahman, Nusma","Nguyen, Mylinh T",,,
SYSM,6325,SU1,,12,1,2,,,,,,,,,,,,0,"Koganti, Ramakrishna",,,,,